,Полный адресс,lat,lon,ближайшее_метро,расстояние_км,расстояние_м
0,"Сосенское пос., кв-л 26, з/у 3/3, к. 10.1.5",55.615527,37.482358,Тютчевская,0.3819371007178002,382
1,"Рассказовка дер., Переделкино Ближнее мкр., кв-л 17, к. 4",55.6339535,37.3343402,Рассказовка,0.06344315876366809,63
2,"Льва Кассиля ул., д. 1, к. 1  фаза 17 ",55.637139,37.306423,Пыхтино,1.4483882913427648,1448
4,"Александры Монаховой ул., к. 2.3",55.575993591068,37.471047406883,Коммунарка,0.23527873851132605,235
6,"Александры Монаховой ул., к. 6.1.2",55.575435899932,37.471678516582,Коммунарка,0.24117463131033637,241
8,"вблизи Алхимово дер., д. 8",55.475664,37.507313,Бунинская аллея,6.958349717033026,6958
9,"Дудкино дер., к. 1.3",55.630954,37.454259,Румянцево,0.8075384824685464,808
11,"вблизи дер. Середнево, к. 1.1",55.564037,37.28958,Аэропорт Внуково,4.803319740412343,4803
13,"Мосрентген пос., кв-л 24, з/у 1А, к. 2",55.6178,37.4723,Тютчевская,0.56636253667077,566
15,"Льва Кассиля ул., д. 1, к. 3  фаза 17 ",55.637139,37.306423,Пыхтино,1.4483882913427648,1448
16,"Николо-Хованское дер., д. 6.5",55.593597179089,37.44859794036,Прокшино,1.243870801945556,1244
20,"Сосенское пос., Столбово дер., к. 3.6.3",55.551127873305,37.460062257716,Новомосковская,1.0984316745104985,1098
21,"вблизи дер. Середнево, к. 1.3",55.564037,37.28958,Аэропорт Внуково,4.803319740412343,4803
22,"Внуковское пос., ТПУ ""Рассказовка"" тер., з/у 13/6А, 13/9А, к. 1  3 оч. ",55.632720098013,37.285687913728,Пыхтино,1.1574472634853317,1157
23,"Сосенское пос., вблизи Столбово дер., уч. 40/2, к. 17",55.548935,37.461364,Новомосковская,1.3153856421541825,1315
24,"вблизи Зимёнки дер., проект 18/2, кв-л 2, к. 3  1 оч. ",55.573164,37.385448,Прокшино,3.3679179976312374,3368
25,"Столбово дер., з/у 41/1Г, д. 3, к. 3.4",55.562047,37.472027,Новомосковская,0.304388382167917,304
26,"Рассказовка дер., кв-л 19, з/у 2, к. 1  фаза 18 ",55.6339535,37.3343402,Рассказовка,0.06344315876366809,63
27,"Александры Монаховой ул., з/у 87, к. 3.7.2",55.541086245765,37.490550636651,Потапово,1.3402239467698869,1340
29,"Льва Кассиля ул., д. 1, к. 2  фаза 17 ",55.637139,37.306423,Пыхтино,1.4483882913427648,1448
31,"Дудкино дер., к. 2.2",55.630583,37.453711,Румянцево,0.7881055434738827,788
34,"Николо-Хованское дер., д. 4.2",55.5950236,37.4431596,Прокшино,1.1495580834007817,1150
35,"Николо-Хованское дер., д. 5.1.1",55.59573020581,37.444635982367,Прокшино,1.264939877069642,1265
37,"Александры Монаховой ул., к. 3.4",55.571509027111,37.47704350846,Коммунарка,0.6685127864863228,669
38,"Николо-Хованское дер., д. 5.1.2",55.59573020581,37.444635982367,Прокшино,1.264939877069642,1265
41,"Мосрентген, Дудкино дер., д. 1",55.632988805551,37.458950319265,Румянцево,1.0674618096460946,1067
42,"Рассказовка дер., д. 15  4 оч. ",55.6292115,37.3365107,Рассказовка,0.5563987751160863,556
43,"Филимонковское пос., Староселье дер., к. 8  Сити ",55.554601564009,37.316937955331,Аэропорт Внуково,6.131486763039732,6131
44,"Столбово дер., з/у 41/1Г, д. 2, к. 2.5",55.562398,37.472261,Новомосковская,0.34144350211692415,341
45,"Столбово дер., з/у 41/1Г, д. 7, к. 7.2",55.56196,37.47086,Новомосковская,0.2454269706965729,245
46,"Филимонковское пос., ОАО Марьинская птицефабрика, к. 4.3",55.565346857982,37.319920762878,Аэропорт Внуково,5.075604483066693,5076
47,"Первый Московский мкр., к. 4  11 оч. ",55.6030466,37.3559853,Филатов Луг,3.25871725890843,3259
50,"Саларьевская ул., з/у 17, к. 83.2",55.613326,37.410726,Саларьево,1.2769896679428432,1277
51,"Десна дер., к. 9/1.2",55.528488,37.381432,Новомосковская,6.366928132283905,6367
52,"Газопровод пос., к. Essense  сек. 8, этап 2 ",55.5774027,37.476878,Коммунарка,0.6295981674658245,630
53,"вблизи Алхимово дер., д. 15",55.476592,37.50566,Бунинская аллея,6.864402648075709,6864
54,"Московский пос., кв-л 70, уч. 78, к. 6  сек. 2 ",55.6021666,37.3466114,Рассказовка,3.628720340657154,3629
55,"между Трёхполье ул., з/у 6 и Саларьевская ул., з/у 13, к. 68.4",55.613326,37.410726,Саларьево,1.2769896679428432,1277
56,"Сосенское пос., Столбово дер., к. 3.8.1",55.551127873305,37.460062257716,Новомосковская,1.0984316745104985,1098
57,"Сосенское пос., вблизи Столбово дер., уч. 40/1, к. 14-2",55.548527882141,37.462561317578,Новомосковская,1.3482866532931188,1348
58,"Сосенское пос., Столбово дер., к. 3.5.1",55.551127873305,37.460062257716,Новомосковская,1.0984316745104985,1098
60,"Харлампиева ул., з/у 32  1 оч., сек. 1-2 ",55.550845,37.318936,Аэропорт Внуково,6.567668303795958,6568
62,"Московский пос., кв-л 70, уч. 78, к. 1  сек. 2-5 ",55.6021666,37.3466114,Рассказовка,3.628720340657154,3629
63,"Поляны ул., з/у 50Д, д. 18.2, к. 18.2.2",55.592256,37.474884,Корниловская,0.7850942235753295,785
64,"Московский пос., Картмазово дер., уч. 16/1, к. 5",55.615485354147,37.389209478787,Филатов Луг,1.953723467329627,1954
65,"Столбово дер., з/у 41/1Г, д. 5, к. 5.1",55.562266,37.471174,Новомосковская,0.2842282718615343,284
66,"Николо-Хованское дер., д. 5.1.4",55.59573020581,37.444635982367,Прокшино,1.264939877069642,1265
67,"Александры Монаховой ул., к. 2.1",55.575993591068,37.471047406883,Коммунарка,0.23527873851132605,235
68,"Сосенское пос., Коммунарка пос., к. 15",55.561134006122,37.473187644613,Новомосковская,0.3197635895336627,320
69,"Столбово дер., з/у 41/1Г, д. 7, к. 7.3",55.56196,37.47086,Новомосковская,0.2454269706965729,245
70,"Сосенское пос., Столбово дер., к. 3.1.2",55.551127873305,37.460062257716,Новомосковская,1.0984316745104985,1098
71,"Николо-Хованское дер., д. 6.4",55.5950236,37.4431596,Прокшино,1.1495580834007817,1150
74,"Дудкино дер., к. 2.1",55.630609,37.45389,Румянцево,0.797654336066313,798
75,"Столбово дер., з/у 41/1Г, д. 7, к. 7.1",55.56196,37.47086,Новомосковская,0.2454269706965729,245
78,"Первый Московский мкр., к. 2  7 оч. ",55.6030466,37.3559853,Филатов Луг,3.25871725890843,3259
79,"Николо-Хованское дер., д. 5.2.5",55.59573020581,37.444635982367,Прокшино,1.264939877069642,1265
81,"Поляны ул., з/у 50Д, д. 18.2, к. 18.2.1",55.612604,37.222951,Аэропорт Внуково,4.115232870526555,4115
84,"Александры Монаховой ул., к. 1.2",55.571509027111,37.47704350846,Коммунарка,0.6685127864863228,669
86,"Столбово дер., з/у 41/1Г, д. 2, к. 2.1",55.562398,37.472261,Новомосковская,0.34144350211692415,341
87,"Эдварда Грига ул., з/у 1-152, д. 28, к. 28.1",55.554506,37.505517,Потапово,0.8001914146237805,800
88,"вблизи Алхимово дер., д. 13",55.475786,37.507133,Бунинская аллея,6.945709185057008,6946
89,"вблизи Алхимово дер., д. 11",55.475786,37.507133,Бунинская аллея,6.945709185057008,6946
90,"Внуковское пос., ТПУ ""Рассказовка"" тер., з/у 13/6А, 13/9А, к. 2  3 оч. ",55.632720098013,37.285687913728,Пыхтино,1.1574472634853317,1157
92,"Внуковское пос., ТПУ ""Рассказовка"" тер., з/у 13/6А, 13/9А, к. 3  2 оч. ",55.632720098013,37.285687913728,Пыхтино,1.1574472634853317,1157
93,"Николо-Хованское дер., д. 8.6",55.59380060788,37.447975164954,Прокшино,1.2306790541974415,1231
94,"вблизи Алхимово дер., д. 10",55.475664,37.507313,Бунинская аллея,6.958349717033026,6958
95,"Эдварда Грига ул., з/у 14Б, д. 37, к. 37.1.1",55.55473,37.498366,Потапово,0.38239281845193634,382
97,"Харлампиева ул., з/у 32  1 оч., сек. 3-11 ",55.550845,37.318936,Аэропорт Внуково,6.567668303795958,6568
98,"Коммунарка пос., вблизи Фитарёвская ул., к. 1",55.562988266015,37.477640621124,Новомосковская,0.6583149855882986,658
99,"Десна дер., к. 9/3",55.528488,37.381432,Новомосковская,6.366928132283905,6367
101,"Сосенское пос., кв-л 26, з/у 3/3, к. 11.1.3",55.615527,37.482358,Тютчевская,0.3819371007178002,382
102,"Дудкино дер., к. 1.2",55.630954,37.454259,Румянцево,0.8075384824685464,808
107,"Саларьево дер., к. 68.1",55.6221133,37.4260893,Саларьево,0.12216644670492739,122
111,"Николо-Хованское дер., д. 5.2.6",55.59573020581,37.444635982367,Прокшино,1.264939877069642,1265
112,"Сосенское пос., кв-л 26, з/у 3/3, к. 7.1.4",55.615527,37.482358,Тютчевская,0.3819371007178002,382
113,"Газопровод пос., к. Aurora  сек. 3-4, этап 1 ",55.5774027,37.476878,Коммунарка,0.6295981674658245,630
116,"Любучанская ул., к. 22",55.493854,37.523761,Бунинская аллея,4.940270879688136,4940
118,"Сосенское пос., кв-л 26, з/у 3/3, к. 11.1.2",55.615527,37.482358,Тютчевская,0.3819371007178002,382
119,"Газопровод пос., к. Aurora  сек. 1, этап 1 ",55.5774027,37.476878,Коммунарка,0.6295981674658245,630
120,"Московский пос., кв-л 70, уч. 78, к. 1  сек. 1 ",55.6021666,37.3466114,Рассказовка,3.628720340657154,3629
122,"вблизи Алхимово дер., д. 7",55.478317,37.504286,Бунинская аллея,6.682310978872858,6682
123,"Александры Монаховой ул., к. 3.5",55.571509027111,37.47704350846,Коммунарка,0.6685127864863228,669
125,"Александры Монаховой ул., к. 6.1.1",55.575435899932,37.471678516582,Коммунарка,0.24117463131033637,241
126,"Поляны ул., з/у 50Д, д. 18.2, к. 18.2.4",55.618908,37.389706,Саларьево,2.1899298014484914,2190
127,"Эдварда Грига ул., з/у 9А, д. 27, к. 27.2",55.555474,37.507807,Потапово,0.965975833516842,966
128,"Эдварда Грига ул., з/у 9А, д. 27, к. 27.4",55.555474,37.507807,Потапово,0.965975833516842,966
129,"Николо-Хованское дер., д. 6.1",55.593597179089,37.44859794036,Прокшино,1.243870801945556,1244
130,"Александры Монаховой ул., к. 3.3",55.571509027111,37.47704350846,Коммунарка,0.6685127864863228,669
132,"Сосенское пос., Столбово дер., к. 3.2.2",55.551127873305,37.460062257716,Новомосковская,1.0984316745104985,1098
133,"Николо-Хованское дер., д. 5.2.2",55.59573020581,37.444635982367,Прокшино,1.264939877069642,1265
134,"Александры Монаховой ул., к. 3.6",55.571509027111,37.47704350846,Коммунарка,0.6685127864863228,669
136,"Московский пос., Картмазово дер., уч. 16/1, к. 6",55.615485354147,37.389209478787,Филатов Луг,1.953723467329627,1954
137,"Александры Монаховой ул., к. 6.1.4",55.575435899932,37.471678516582,Коммунарка,0.24117463131033637,241
138,"Московский пос., в районе Саларьево дер., к. 66",55.623573286875,37.437085815365,Саларьево,0.8311053957832077,831
139,"Филимонковское пос., ОАО Марьинская птицефабрика, к. 4.1",55.565346857982,37.319920762878,Аэропорт Внуково,5.075604483066693,5076
140,"Александры Монаховой ул., к. 4.3",55.575993591068,37.471047406883,Коммунарка,0.23527873851132605,235
141,"Эдварда Грига ул., з/у 9А, д. 27, к. 27.3",55.555474,37.507807,Потапово,0.965975833516842,966
142,"Столбово дер., з/у 41/1Г, д. 1, к. 1.2",55.562128,37.472728,Новомосковская,0.3445257272206612,345
144,"Сосенское пос., кв-л 26, з/у 3/3, к. 7.1.2",55.615527,37.482358,Тютчевская,0.3819371007178002,382
146,"Николо-Хованское дер., д. 8.3",55.5950236,37.4431596,Прокшино,1.1495580834007817,1150
147,"Дудкино дер., к. 2.4",55.630583,37.453711,Румянцево,0.7881055434738827,788
148,"между Трёхполье ул., з/у 6 и Саларьевская ул., з/у 13, к. 68.5",55.613463,37.4152,Саларьево,1.098384459271634,1098
153,"Сосенское пос., вблизи Столбово дер., уч. 40/2, к. 10-11",55.548527882141,37.462561317578,Новомосковская,1.3482866532931188,1348
154,"Сосенское пос., кв-л 26, з/у 3/3, к. 11.2.3",55.615527,37.482358,Тютчевская,0.3819371007178002,382
156,"Московский пос., кв-л 70, уч. 78, к. 6  сек. 1 ",55.6021666,37.3466114,Рассказовка,3.628720340657154,3629
160,"Столбово дер., з/у 41/1Г, д. 6, к. 6.5",55.562195,37.47103,Новомосковская,0.2724044765418618,272
162,"Сосенское пос., Столбово дер., к. 3.4.1",55.551127873305,37.460062257716,Новомосковская,1.0984316745104985,1098
164,"Газопровод пос., к. Aurora  сек. 6, этап 1 ",55.5774027,37.476878,Коммунарка,0.6295981674658245,630
166,"Николо-Хованское дер., д. 8.2",55.5950236,37.4431596,Прокшино,1.1495580834007817,1150
170,"Столбово дер., з/у 41/1Г, д. 7, к. 7.4",55.56196,37.47086,Новомосковская,0.2454269706965729,245
171,"Николо-Хованское дер., д. 4.3",55.5950236,37.4431596,Прокшино,1.1495580834007817,1150
176,"Газопровод пос., к. Essense  сек. 7, этап 2 ",55.5774027,37.476878,Коммунарка,0.6295981674658245,630
178,"Рассказовка дер., Переделкино Ближнее мкр., кв-л 16, к. 4",55.6339535,37.3343402,Рассказовка,0.06344315876366809,63
181,"Московский пос., кв-л 70, уч. 78, к. 2",55.6021666,37.3466114,Рассказовка,3.628720340657154,3629
183,"Сосенское пос., кв-л 26, з/у 3/3, к. 10.1.2",55.615527,37.482358,Тютчевская,0.3819371007178002,382
185,"Николо-Хованское дер., д. 4.6",55.5950236,37.4431596,Прокшино,1.1495580834007817,1150
188,"Николо-Хованское дер., д. 5.1.3",55.59573020581,37.444635982367,Прокшино,1.264939877069642,1265
189,"Сосенское пос., кв-л 26, з/у 3/3, к. 10.1.4",55.615527,37.482358,Тютчевская,0.3819371007178002,382
191,"Саларьевская ул., з/у 17, к. 83.6",55.613326,37.410726,Саларьево,1.2769896679428432,1277
192,"вблизи Зимёнки дер., проект 18/2, кв-л 2, к. 2  1 оч. ",55.573164,37.385448,Прокшино,3.3679179976312374,3368
193,"Эдварда Грига ул., з/у 1-152, д. 28, к. 28.3",55.554506,37.505517,Потапово,0.8001914146237805,800
194,"Александры Монаховой ул., к. 1.4",55.571509027111,37.47704350846,Коммунарка,0.6685127864863228,669
195,"Первый Московский мкр., к. 1  9 оч. ",55.6030466,37.3559853,Филатов Луг,3.25871725890843,3259
196,"Газопровод пос., к. Aurora  сек. 2, этап 1 ",55.5774027,37.476878,Коммунарка,0.6295981674658245,630
198,"вблизи Зимёнки дер., проект 18/2, кв-л 2, к. 1  1 оч. ",55.573164,37.385448,Прокшино,3.3679179976312374,3368
199,"Мосрентген, Дудкино дер., д. 2",55.631885753086,37.457600752767,Румянцево,0.9913104851294757,991
200,"Сосенское пос., кв-л 26, з/у 3/3, к. 7.1.1",55.615527,37.482358,Тютчевская,0.3819371007178002,382
201,"Саларьевская ул., з/у 17, к. 83.5",55.613326,37.410726,Саларьево,1.2769896679428432,1277
203,"Сосенское пос., кв-л 26, з/у 3/3, к. 10.1.1",55.615527,37.482358,Тютчевская,0.3819371007178002,382
204,"Марушкино дер., к. 1  3 оч. ",55.586522,37.217813,Аэропорт Внуково,4.961835904753917,4962
210,"Сосенское пос., кв-л 26, з/у 3/3, к. 11.1.1",55.615527,37.482358,Тютчевская,0.3819371007178002,382
212,"Столбово дер., з/у 41/1Г, д. 5, к. 5.3",55.562266,37.471174,Новомосковская,0.2842282718615343,284
213,"Столбово дер., з/у 41/1Г, д. 3, к. 3.2",55.562047,37.472027,Новомосковская,0.304388382167917,304
214,"Сосенское пос., Столбово дер., к. 3.5.3",55.551127873305,37.460062257716,Новомосковская,1.0984316745104985,1098
215,"Александры Монаховой ул., к. 2.4",55.575993591068,37.471047406883,Коммунарка,0.23527873851132605,235
217,"Александры Монаховой ул., к. 2.2",55.575993591068,37.471047406883,Коммунарка,0.23527873851132605,235
218,"Филимонковское пос., Марьинская птицефабрика ОАО тер., д. 1",55.565346857982,37.319920762878,Аэропорт Внуково,5.075604483066693,5076
220,"Любучанская ул., к. 23",55.493854,37.523761,Бунинская аллея,4.940270879688136,4940
223,"Марушкинское пос., 33 кв-л, уч. 3, д. 3, к. 3.3",55.5991945,37.2385681,Аэропорт Внуково,3.2174799443255098,3217
226,"Сосенское пос., Столбово дер., к. 3.7.1",55.551127873305,37.460062257716,Новомосковская,1.0984316745104985,1098
227,"Филимонковское пос., ОАО Марьинская птицефабрика, к. 4.2",55.565346857982,37.319920762878,Аэропорт Внуково,5.075604483066693,5076
228,"вблизи Алхимово дер., д. 12",55.476276,37.5069,Бунинская аллея,6.892576360875615,6893
229,"Поляны ул., з/у 50Д, д. 18.2, к. 18.2.5",55.516114,37.489985,Бунинская аллея,2.932444011903713,2932
230,"Саларьево дер., к. 20",55.6221133,37.4260893,Саларьево,0.12216644670492739,122
232,"Сосенское пос., вблизи Столбово дер., уч. 40/1, к. 15",55.548935,37.461364,Новомосковская,1.3153856421541825,1315
235,"Филимонковское пос., Марьинская птицефабрика ОАО тер., д. 4",55.565346857982,37.319920762878,Аэропорт Внуково,5.075604483066693,5076
236,"Александры Монаховой ул., к. 6.2.2",55.575435899932,37.471678516582,Коммунарка,0.24117463131033637,241
237,"Сосенское п., Николо-Хованское дер., к. 8.1-8.2",55.604123269974,37.437975430518,Филатов Луг,1.9211428979136993,1921
238,"Александры Монаховой ул., к. 4.1",55.575993591068,37.471047406883,Коммунарка,0.23527873851132605,235
240,"Мосрентген пос., кв-л 24, з/у 1А, к. 3",55.6178,37.4723,Тютчевская,0.56636253667077,566
241,"вблизи Алхимово дер., д. 9",55.475536,37.507628,Бунинская аллея,6.97104217536326,6971
242,"Московский пос., кв-л 70, уч. 78, к. 6  сек. 3 ",55.6021666,37.3466114,Рассказовка,3.628720340657154,3629
244,"Десна дер., к. 9/2.1",55.528488,37.381432,Новомосковская,6.366928132283905,6367
245,"Марушкинское пос., 33 кв-л, уч. 3, д. 3, к. 3.1",55.5991945,37.2385681,Аэропорт Внуково,3.2174799443255098,3217
246,"Столбово дер., з/у 41/1Г, д. 3, к. 3.3",55.562047,37.472027,Новомосковская,0.304388382167917,304
247,"Любучанская ул., к. 21",55.493854,37.523761,Бунинская аллея,4.940270879688136,4940
248,"Сосенское пос., кв-л 26, з/у 3/3, к. 10.1.6",55.615527,37.482358,Тютчевская,0.3819371007178002,382
251,"Саларьевская ул., з/у 17, к. 83.4",55.613326,37.410726,Саларьево,1.2769896679428432,1277
252,"Николо-Хованское дер., д. 5.2.3",55.59573020581,37.444635982367,Прокшино,1.264939877069642,1265
255,"Сосенское пос., кв-л 26, з/у 3/3, к. 10.1.3",55.615527,37.482358,Тютчевская,0.3819371007178002,382
256,"Столбово дер., з/у 41/1Г, д. 9, к. 9.4",55.562485,37.469934,Новомосковская,0.26527058840796225,265
257,"Поляны ул., з/у 50Д, д. 18.2, к. 18.2.6",55.610102,37.353629,Рассказовка,2.9133936409372096,2913
258,"Николо-Хованское дер., д. 4.4",55.5950236,37.4431596,Прокшино,1.1495580834007817,1150
259,"Дудкино дер., к. 1.1",55.630954,37.454259,Румянцево,0.8075384824685464,808
260,"Филимонковское пос., Марьинская птицефабрика ОАО тер., д. 2",55.565346857982,37.319920762878,Аэропорт Внуково,5.075604483066693,5076
261,"вблизи Николо-Хованское дер., к. 56.1",55.5950236,37.4431596,Прокшино,1.1495580834007817,1150
267,"Первый Московский мкр., к. 2  9 оч. ",55.6030466,37.3559853,Филатов Луг,3.25871725890843,3259
268,"Николо-Хованское дер., д. 6.3",55.5950236,37.4431596,Прокшино,1.1495580834007817,1150
269,"Николо-Хованское дер., д. 5.2.4",55.59573020581,37.444635982367,Прокшино,1.264939877069642,1265
273,"Сосенское пос., кв-л 26, з/у 3/3, к. 11.2.2",55.615527,37.482358,Тютчевская,0.3819371007178002,382
277,"Филимонковское пос., кв-л 25, з/у 1, к. 3.2",55.5504684,37.32748,Аэропорт Внуково,6.786238191210382,6786
282,"Сосенское пос., Столбово дер., к. 3.2.1",55.551127873305,37.460062257716,Новомосковская,1.0984316745104985,1098
285,"Марушкинское пос., 33 кв-л, уч. 3, д. 3, к. 3.2",55.5991945,37.2385681,Аэропорт Внуково,3.2174799443255098,3217
286,"Столбово дер., з/у 41/1Г, д. 5, к. 5.4",55.562266,37.471174,Новомосковская,0.2842282718615343,284
287,"Эдварда Грига ул., з/у 14Б, д. 37.2, к. 37.2.3",55.555148,37.502543,Потапово,0.6404698429523477,640
289,"Сосенское пос., вблизи Столбово дер., уч. 40/2, к. 18-19",55.548527882141,37.462561317578,Новомосковская,1.3482866532931188,1348
291,"Столбово дер., з/у 41/1Г, д. 6, к. 6.2",55.562195,37.47103,Новомосковская,0.2724044765418618,272
292,"Марушкинское пос., д. Марушкино, к. 3  1 оч. ",55.593791806881,37.199243110232,Аэропорт Внуково,5.758818770111927,5759
293,"Столбово дер., з/у 41/1Г, д. 6, к. 6.4",55.562195,37.47103,Новомосковская,0.2724044765418618,272
296,"Филимонковское пос., Староселье дер., к. 9  Сити ",55.554601564009,37.316937955331,Аэропорт Внуково,6.131486763039732,6131
298,"Марушкинское пос., 33 кв-л, уч. 3, д. 3, к. 3.5",55.5991945,37.2385681,Аэропорт Внуково,3.2174799443255098,3217
300,"Столбово дер., з/у 41/1Г, д. 3, к. 3.5",55.562047,37.472027,Новомосковская,0.304388382167917,304
301,"Столбово дер., з/у 41/1Г, д. 2, к. 2.4",55.562398,37.472261,Новомосковская,0.34144350211692415,341
302,"Столбово дер., з/у 41/1Г, д. 9, к. 9.2",55.562485,37.469934,Новомосковская,0.26527058840796225,265
303,"Столбово дер., з/у 41/1Г, д. 3, к. 3.1",55.562047,37.472027,Новомосковская,0.304388382167917,304
304,"Столбово дер., з/у 41/1Г, д. 1, к. 1.1",55.562128,37.472728,Новомосковская,0.3445257272206612,345
305,"Московский пос., кв-л 70, уч. 78, к. 1  сек. 6-7 ",55.6021666,37.3466114,Рассказовка,3.628720340657154,3629
306,"Столбово дер., з/у 41/1Г, д. 2, к. 2.2",55.562398,37.472261,Новомосковская,0.34144350211692415,341
312,"Марушкинское пос., 33 кв-л, д. 1, к. 1.2",55.5991945,37.2385681,Аэропорт Внуково,3.2174799443255098,3217
313,"Московский п., в районе дер. Саларьево, к. 55",55.617020182919,37.43311549717,Саларьево,0.7845679327555306,785
316,"Столбово дер., з/у 41/1Г, д. 5, к. 5.2",55.562266,37.471174,Новомосковская,0.2842282718615343,284
317,"вблизи дер. Середнево, к. 1.2",55.564037,37.28958,Аэропорт Внуково,4.803319740412343,4803
321,"Марушкинское пос., 33 кв-л, д. 1, к. 1.1",55.5991945,37.2385681,Аэропорт Внуково,3.2174799443255098,3217
322,"Эдварда Грига ул., з/у 9А, д. 27, к. 27.5",55.555474,37.507807,Потапово,0.965975833516842,966
323,"Столбово дер., з/у 41/1Г, д. 9, к. 9.1",55.562485,37.469934,Новомосковская,0.26527058840796225,265
324,"Сосенское п., вблизи д. Столбово, уч. 40/1, к. 2",55.548527882141,37.462561317578,Новомосковская,1.3482866532931188,1348
326,"Саларьево дер., к. 68.2",55.6221133,37.4260893,Саларьево,0.12216644670492739,122
328,"Николо-Хованское дер., д. 8.5",55.5950236,37.4431596,Прокшино,1.1495580834007817,1150
331,"Александры Монаховой ул., к. 3.1",55.571509027111,37.47704350846,Коммунарка,0.6685127864863228,669
334,"Десна дер., к. 9/1.1",55.528488,37.381432,Новомосковская,6.366928132283905,6367
335,"вблизи Алхимово дер., д. 16",55.476725,37.505445,Бунинская аллея,6.850957722260399,6851
338,"Саларьевская ул., з/у 17, к. 83.1",55.613326,37.410726,Саларьево,1.2769896679428432,1277
339,"Александры Монаховой ул., к. 6.1.3",55.575435899932,37.471678516582,Коммунарка,0.24117463131033637,241
340,"Первый Московский мкр., к. 1  7 оч. ",55.6030466,37.3559853,Филатов Луг,3.25871725890843,3259
341,"Рассказовка дер., Переделкино Ближнее мкр., кв-л 10, к. 5",55.6339535,37.3343402,Рассказовка,0.06344315876366809,63
342,"Эдварда Грига ул., з/у 14Б, д. 37.2, к. 37.2.2",55.555148,37.502543,Потапово,0.6404698429523477,640
344,"Николо-Хованское дер., д. 4.1",55.584704021575,37.469640898038,Коммунарка,1.1143908920068724,1114
345,"Газопровод пос., к. Essense  сек. 10-11, этап 2 ",55.5774027,37.476878,Коммунарка,0.6295981674658245,630
347,"Эдварда Грига ул., з/у 1-152, д. 28, к. 28.2",55.554506,37.505517,Потапово,0.8001914146237805,800
348,"Сосенское пос., кв-л 26, з/у 3/3, к. 11.2.1",55.615527,37.482358,Тютчевская,0.3819371007178002,382
349,"Мосрентген пос., кв-л 24, з/у 1А, к. 1",55.6178,37.4723,Тютчевская,0.56636253667077,566
351,"Столбово дер., з/у 41/1Г, д. 1, к. 1.3",55.562128,37.472728,Новомосковская,0.3445257272206612,345
353,"Харлампиева ул., з/у 32  2 оч., сек. 24-27 ",55.553254,37.324722,Аэропорт Внуково,6.434592521077257,6435
354,"Столбово дер., з/у 41/1Г, д. 9, к. 9.3",55.562485,37.469934,Новомосковская,0.26527058840796225,265
355,"Эдварда Грига ул., з/у 1-152, д. 28, к. 28.4",55.554506,37.505517,Потапово,0.8001914146237805,800
356,"вблизи Алхимово дер., д. 14",55.476276,37.5069,Бунинская аллея,6.892576360875615,6893
357,"Александры Монаховой ул., к. 3.2",55.571509027111,37.47704350846,Коммунарка,0.6685127864863228,669
359,"Николо-Хованское дер., д. 4.5",55.5950236,37.4431596,Прокшино,1.1495580834007817,1150
360,"Эдварда Грига ул., з/у 14Б, д. 37, к. 37.1.3",55.55473,37.498366,Потапово,0.38239281845193634,382
361,"Александры Монаховой ул., к. 1",55.571509027111,37.47704350846,Коммунарка,0.6685127864863228,669
363,"Столбово дер., з/у 41/1Г, д. 2, к. 2.3",55.562398,37.472261,Новомосковская,0.34144350211692415,341
365,"Эдварда Грига ул., з/у 14Б, д. 37.2, к. 37.2.1",55.555148,37.502543,Потапово,0.6404698429523477,640
366,"Николо-Хованское дер., д. 6.2",55.593597179089,37.44859794036,Прокшино,1.243870801945556,1244
367,"Сосенское пос., Столбово дер., к. 3.1.1",55.551127873305,37.460062257716,Новомосковская,1.0984316745104985,1098
368,"Рассказовка дер., Переделкино Ближнее мкр., кв-л 9, к. 6",55.6339535,37.3343402,Рассказовка,0.06344315876366809,63
371,"Эдварда Грига ул., з/у 9А, д. 27, к. 27.1",55.555474,37.507807,Потапово,0.965975833516842,966
372,"Саларьево дер., к. 68.3",55.6221133,37.4260893,Саларьево,0.12216644670492739,122
373,"Филимонковское пос., Староселье дер., к. 11  Сити ",55.554601564009,37.316937955331,Аэропорт Внуково,6.131486763039732,6131
375,"Внуковское пос., ТПУ ""Рассказовка"" тер., з/у 13/6А, 13/9А, к. 3  3 оч. ",55.632720098013,37.285687913728,Пыхтино,1.1574472634853317,1157
378,"Столбово дер., з/у 41/1Г, д. 6, к. 6.3",55.562195,37.47103,Новомосковская,0.2724044765418618,272
379,"Сосенское пос., вблизи Столбово дер., уч. 40/1, к. 13",55.548935,37.461364,Новомосковская,1.3153856421541825,1315
381,"Саларьевская ул., з/у 17, к. 83.3",55.613326,37.410726,Саларьево,1.2769896679428432,1277
382,"Любучанская ул., к. 20",55.493854,37.523761,Бунинская аллея,4.940270879688136,4940
383,"Рассказовка дер., уч. 13/2, к. 3  фаза 16 ",55.6292115,37.3365107,Рассказовка,0.5563987751160863,556
386,"Московский пос., кв-л 70, уч. 78, к. 6  сек. 4 ",55.6021666,37.3466114,Рассказовка,3.628720340657154,3629
388,"Сосенское пос., кв-л 26, з/у 3/3, к. 7.1.3",55.615527,37.482358,Тютчевская,0.3819371007178002,382
389,"Марушкинское пос., 33 кв-л, д. 2",55.5991945,37.2385681,Аэропорт Внуково,3.2174799443255098,3217
390,"Николо-Хованское дер., д. 8.4",55.5950236,37.4431596,Прокшино,1.1495580834007817,1150
391,"Рассказовка дер.,  кв-л 19, з/у 2, к. 2  фаза 18 ",55.6339535,37.3343402,Рассказовка,0.06344315876366809,63
392,"Столбово дер., з/у 41/1Г, д. 6, к. 6.6",55.562195,37.47103,Новомосковская,0.2724044765418618,272
393,"Николо-Хованское дер., д. 5.2.1",55.59573020581,37.444635982367,Прокшино,1.264939877069642,1265
394,"Александры Монаховой ул., к. 6.2.1",55.575435899932,37.471678516582,Коммунарка,0.24117463131033637,241
395,"Сосенское пос., вблизи Столбово дер., уч. 40/1, к. 14-1",55.548527882141,37.462561317578,Новомосковская,1.3482866532931188,1348
396,"Александры Монаховой ул., к. 4.2",55.575993591068,37.471047406883,Коммунарка,0.23527873851132605,235
397,"Десна дер., к. 9/2.2",55.528488,37.381432,Новомосковская,6.366928132283905,6367
398,"Столбово дер., з/у 41/1Г, д. 6, к. 6.1",55.562195,37.47103,Новомосковская,0.2724044765418618,272
399,"Газопровод пос., к. Essense  сек. 9, этап 2 ",55.5774027,37.476878,Коммунарка,0.6295981674658245,630
403,"Сосенское пос., кв-л 26, з/у 3/3, к. 11.1.4",55.615527,37.482358,Тютчевская,0.3819371007178002,382
404,"Дудкино дер., к. 2.3",55.630583,37.453711,Румянцево,0.7881055434738827,788
405,"вблизи Николо-Хованское дер., к. 56.2",55.5950236,37.4431596,Прокшино,1.1495580834007817,1150
406,"Филимонковское пос., Староселье дер., з/у 1, к. 5  Сити ",55.554601564009,37.316937955331,Аэропорт Внуково,6.131486763039732,6131
407,"Николо-Хованское дер., д. 6.6",55.5950236,37.4431596,Прокшино,1.1495580834007817,1150
408,"Рассказовка дер., Переделкино Ближнее мкр., кв-л 16, к. 2",55.6339535,37.3343402,Рассказовка,0.06344315876366809,63
410,"вблизи Середнево дер., к. 3.1",55.560682,37.292221,Аэропорт Внуково,5.182572246552427,5183
411,"Первый Московский мкр., к. 3  11 оч. ",55.6030466,37.3559853,Филатов Луг,3.25871725890843,3259
414,"Александры Монаховой ул., к. 1.3",55.571509027111,37.47704350846,Коммунарка,0.6685127864863228,669
418,"Александры Монаховой ул., к. 1.1",55.571509027111,37.47704350846,Коммунарка,0.6685127864863228,669
419,"Марушкинское пос., 33 кв-л, уч. 3, д. 3, к. 3.4",55.5991945,37.2385681,Аэропорт Внуково,3.2174799443255098,3217
420,"Николо-Хованское дер., д. 8.1",55.582970018867,37.4681229558,Коммунарка,0.9171241944796586,917
