"Линия","Код станции[1]","Название станции
Прежние названия","Дата
открытия","Пере-
садки","Глубина,
м[2]","Тип конструкции","Координаты","Вид станции"
"","001","«Бульвар Рокоссовского»
Улица Подбельского (с 01.08.1990 до 08.07.2014)","1 августа 1990","","−8","колонная
мелкого заложения
трёхпролётная","55°48′53″ с. ш. 37°44′03″ в. д.HЯ",""
"","002","«Черкизовская»","1 августа 1990","","−9","односводчатая
мелкого заложения","55°48′14″ с. ш. 37°44′41″ в. д.HЯ",""
"","003","«Преображенская площадь»","31 декабря 1965","","−8","колонная
мелкого заложения
трёхпролётная","55°47′47″ с. ш. 37°42′54″ в. д.HЯ",""
"","004","«Сокольники»","15 мая 1935","","−9","колонная
мелкого заложения
трёхпролётная","55°47′20″ с. ш. 37°40′49″ в. д.HЯ",""
"","005","«Красносельская»","15 мая 1935","","−8","колонная
мелкого заложения
двухпролётная","55°46′48″ с. ш. 37°40′02″ в. д.HЯ",""
"","006","«Комсомольская»","15 мая 1935","","−8","колонная
мелкого заложения
трёхпролётная","55°46′31″ с. ш. 37°39′22″ в. д.HЯ",""
"","007","«Красные Ворота»
Лермонтовская (с 29.05.1962 до 25.08.1986)","15 мая 1935","","−31","пилонная
глубокого заложения
трёхсводчатая","55°46′08″ с. ш. 37°38′55″ в. д.HЯ",""
"","008","«Чистые пруды»
Кировская (с 15.05.1935 до 05.11.1990)","15 мая 1935","","−35","пилонная
глубокого заложения
трёхсводчатая
(До реконструкции —
двухсводчатая
глубокого заложения)[3]","55°45′57″ с. ш. 37°38′20″ в. д.HЯ",""
"","009","«Лубянка»
Дзержинская (с 15.05.1935 до 05.11.1990)","15 мая 1935","","−32,5
[нет в источнике]","пилонная
глубокого заложения
трёхсводчатая
(До реконструкции —
двухсводчатая
глубокого заложения)[3]","55°45′35″ с. ш. 37°37′38″ в. д.HЯ",""
"","010","«Охотный Ряд»
Имени Л. М. Кагановича
(с 25.11.1955 до 15.10.1957)
Проспект Маркса (с 30.11.1961 до 05.11.1990)","15 мая 1935","[4]","−15","пилонная
мелкого заложения
трёхсводчатая","55°45′28″ с. ш. 37°37′00″ в. д.HЯ",""
"","011","«Библиотека имени Ленина»","15 мая 1935","","−12","односводчатая
мелкого заложения","55°45′04″ с. ш. 37°36′36″ в. д.HЯ",""
"","012","«Кропоткинская»
Дворец Советов (с 15.05.1935 до 08.10.1957)","15 мая 1935","","−13","колонная
мелкого заложения
трёхпролётная","55°44′43″ с. ш. 37°36′13″ в. д.HЯ",""
"","013","«Парк культуры»
ЦПКиО имени Горького
(с 15.05.1935 до 1965)
Парк Культуры имени Горького
(с 1965 до 1980)","15 мая 1935","","−10,5
[нет в источнике]","колонная
мелкого заложения
трёхпролётная","55°44′08″ с. ш. 37°35′39″ в. д.HЯ",""
"","014","«Фрунзенская»","1 мая 1957","","−42","пилонная
глубокого заложения
трёхсводчатая","55°43′36″ с. ш. 37°34′43″ в. д.HЯ",""
"","015","«Спортивная»","1 мая 1957","","−42","пилонная
глубокого заложения
трёхсводчатая","55°43′24″ с. ш. 37°33′50″ в. д.HЯ",""
"","016","«Воробьёвы горы»
Ленинские горы (с 12.01.1959 до 12.05.1999)","12 января 1959","","+10","эстакадная крытая
колонная трёхпролётная","55°42′37″ с. ш. 37°33′33″ в. д.HЯ",""
"","017","«Университет»","12 января 1959","","−26,5
[нет в источнике]","пилонная
мелкого заложения
трёхсводчатая","55°41′33″ с. ш. 37°32′00″ в. д.HЯ",""
"","018","«Проспект Вернадского»","30 декабря 1963","","−8","колонная
мелкого заложения
трёхпролётная","55°40′38″ с. ш. 37°30′22″ в. д.HЯ",""
"","019","«Юго-Западная»","30 декабря 1963","","−8","колонная
мелкого заложения
трёхпролётная","55°39′49″ с. ш. 37°29′00″ в. д.HЯ",""
"","193","«Тропарёво»","8 декабря 2014","","−12","односводчатая
мелкого заложения","55°38′45″ с. ш. 37°28′21″ в. д.HЯ",""
"","194","«Румянцево»","18 января 2016","","−12","колонная
мелкого заложения
трёхпролётная","55°37′59″ с. ш. 37°26′31″ в. д.HЯ",""
"","195","«Саларьево»","15 февраля 2016","","−12","колонная
мелкого заложения
трёхпролётная","55°37′19″ с. ш. 37°25′27″ в. д.HЯ",""
"","308","«Филатов Луг»","20 июня 2019","","0","наземная
крытая","55°36′05″ с. ш. 37°24′28″ в. д.HЯ",""
"","309","«Прокшино»","20 июня 2019","","0","наземная
крытая","55°35′10″ с. ш. 37°26′02″ в. д.HЯ",""
"","310","«Ольховая»","20 июня 2019","","−12","однопролётная
мелкого заложения","55°34′07″ с. ш. 37°27′34″ в. д.HЯ",""
"","311","«Новомосковская»
Коммунарка (с 20.06.2019 до 03.07.2024)","20 июня 2019","","−8","колонная
мелкого заложения
трёхпролётная","55°33′37″ с. ш. 37°28′06″ в. д.HЯ",""
"","329","«Потапово»","5 сентября 2024","","0","наземная крытая","55°33′11″ с. ш. 37°29′35″ в. д.HЯ",""
"","199","«Ховрино»","31 декабря 2017","","−14","колонная
мелкого заложения
двухпролётная","55°52′44″ с. ш. 37°28′53″ в. д.HЯ",""
"","303","«Беломорская»","20 декабря 2018","","−18","колонная
мелкого заложения
двухпролётная","55°51′57″ с. ш. 37°28′35″ в. д.HЯ",""
"","039","«Речной вокзал»","31 декабря 1964","","−6","колонная
мелкого заложения
трёхпролётная","55°51′18″ с. ш. 37°28′34″ в. д.HЯ",""
"","038","«Водный стадион»","31 декабря 1964","","−6","колонная
мелкого заложения
трёхпролётная","55°50′23″ с. ш. 37°29′12″ в. д.HЯ",""
"","037","«Войковская»","31 декабря 1964","","−7","колонная
мелкого заложения
трёхпролётная","55°49′08″ с. ш. 37°29′53″ в. д.HЯ",""
"","036","«Сокол»","11 сентября 1938","","−9,6
[нет в источнике]","колонная
мелкого заложения
двухпролётная","55°48′18″ с. ш. 37°30′55″ в. д.HЯ",""
"","035","«Аэропорт»","11 сентября 1938","","−10","односводчатая
мелкого заложения","55°48′01″ с. ш. 37°31′58″ в. д.HЯ",""
"","034","«Динамо»","11 сентября 1938","","−39,6
[нет в источнике]","пилонная
глубокого заложения
трёхсводчатая","55°47′23″ с. ш. 37°33′29″ в. д.HЯ",""
"","033","«Белорусская»","11 сентября 1938","","−33,1
[нет в источнике]","пилонная
глубокого заложения
трёхсводчатая","55°46′36″ с. ш. 37°35′01″ в. д.HЯ",""
"","032","«Маяковская»","11 сентября 1938","","−33,1
[нет в источнике]","колонная
глубокого заложения
трёхсводчатая","55°46′12″ с. ш. 37°35′45″ в. д.HЯ",""
"","031","«Тверская»
Горьковская (с 20.07.1979 до 05.11.1990)","20 июля 1979","","−42","пилонная
глубокого заложения
трёхсводчатая","55°45′53″ с. ш. 37°36′23″ в. д.HЯ",""
"","030","«Театральная»
Площадь Свердлова (с 11.09.1938 до 05.11.1990)","11 сентября 1938","","−33,9
[нет в источнике]","пилонная
глубокого заложения
трёхсводчатая","55°45′28″ с. ш. 37°37′08″ в. д.HЯ",""
"","029","«Новокузнецкая»","20 ноября 1943","","−37,5
[нет в источнике]","пилонная
глубокого заложения
трёхсводчатая","55°44′29″ с. ш. 37°37′46″ в. д.HЯ",""
"","028","«Павелецкая»","20 ноября 1943","","−33,5
[нет в источнике]","колонная
глубокого заложения
трёхсводчатая
(До реконструкции —
двухсводчатая
глубокого заложения)[3]","55°43′50″ с. ш. 37°38′16″ в. д.HЯ",""
"","027","«Автозаводская»
Завод имени Сталина (с 01.01.1943 до 05.07.1956)","1 января 1943","","−11","колонная
мелкого заложения
трёхпролётная","55°42′27″ с. ш. 37°39′27″ в. д.HЯ",""
"","197","«Технопарк»","28 декабря 2015","","0","наземная, крытая
колонная
трёхпролётная","55°41′38″ с. ш. 37°39′52″ в. д.HЯ",""
"","026","«Коломенская»","11 августа 1969","","−9","колонная
мелкого заложения
трёхпролётная","55°40′43″ с. ш. 37°39′50″ в. д.HЯ",""
"","025","«Каширская»","11 августа 1969","","−7","колонная
мелкого заложения
трёхпролётная","55°39′18″ с. ш. 37°38′55″ в. д.HЯ",""
"","024","«Кантемировская»","30 декабря 1984","","−8","односводчатая
мелкого заложения","55°38′09″ с. ш. 37°39′23″ в. д.HЯ",""
"","023","«Царицыно»
Ленино (с 30.12.1984 до 05.11.1990)","30 декабря 1984","","−8","колонная
мелкого заложения
трёхпролётная","55°37′17″ с. ш. 37°40′10″ в. д.HЯ",""
"","022","«Орехово»","30 декабря 1984","","−9","колонная
мелкого заложения
трёхпролётная","55°36′48″ с. ш. 37°41′42″ в. д.HЯ",""
"","021","«Домодедовская»","7 сентября 1985","","−9,5
[нет в источнике]","колонная
мелкого заложения
трёхпролётная","55°36′39″ с. ш. 37°43′07″ в. д.HЯ",""
"","020","«Красногвардейская»","7 сентября 1985","","−9","односводчатая
мелкого заложения","55°36′49″ с. ш. 37°44′40″ в. д.HЯ",""
"","196","«Алма-Атинская»","24 декабря 2012","","−10","односводчатая
мелкого заложения","55°37′57″ с. ш. 37°45′58″ в. д.HЯ",""
"","200","«Пятницкое шоссе»","28 декабря 2012","","−11","колонная
мелкого заложения
двухпролётная","55°51′23″ с. ш. 37°21′16″ в. д.HЯ",""
"","060","«Митино»","26 декабря 2009","","−14","односводчатая
мелкого заложения","55°50′45″ с. ш. 37°21′44″ в. д.HЯ",""
"","059","«Волоколамская»","26 декабря 2009","","−14","колонная
мелкого заложения
трёхсводчатая","55°50′07″ с. ш. 37°22′56″ в. д.HЯ",""
"","058","«Мякинино»","26 декабря 2009","","0","наземная, крытая,
однопролётная","55°49′31″ с. ш. 37°23′07″ в. д.HЯ",""
"","057","«Строгино»","7 января 2008","","−8","односводчатая
мелкого заложения","55°48′14″ с. ш. 37°24′11″ в. д.HЯ",""
"","056","«Крылатское»","31 декабря 1989","","−9,5
[нет в источнике]","односводчатая
мелкого заложения","55°45′24″ с. ш. 37°24′29″ в. д.HЯ",""
"","055","«Молодёжная»","5 июля 1965","","−6,5
[нет в источнике]","колонная
мелкого заложения
трёхпролётная","55°44′27″ с. ш. 37°25′00″ в. д.HЯ",""
"","054","«Кунцевская»","7 января 2008","","0","наземная, открытая","55°43′51″ с. ш. 37°26′45″ в. д.HЯ",""
"","053","«Славянский бульвар»","7 сентября 2008","","−8,5
[нет в источнике]","односводчатая
мелкого заложения","55°43′47″ с. ш. 37°28′14″ в. д.HЯ",""
"","052","«Парк Победы»","6 мая 2003","","−73,6[5]","пилонная
глубокого заложения
трёхсводчатая","55°44′10″ с. ш. 37°31′06″ в. д.HЯ",""
"","051","«Киевская»","5 апреля 1953","","−38","пилонная
глубокого заложения
трёхсводчатая","55°44′40″ с. ш. 37°33′56″ в. д.HЯ",""
"","050","«Смоленская»","5 апреля 1953","","−50","пилонная
глубокого заложения
трёхсводчатая","55°44′51″ с. ш. 37°34′56″ в. д.HЯ",""
"","049","«Арбатская»","5 апреля 1953","","−41","пилонная
глубокого заложения
трёхсводчатая","55°45′08″ с. ш. 37°36′22″ в. д.HЯ",""
"","048","«Площадь Революции»","13 марта 1938","[6]","−33,6
[нет в источнике]","пилонная
глубокого заложения
трёхсводчатая","55°45′24″ с. ш. 37°37′18″ в. д.HЯ",""
"","047","«Курская»","13 марта 1938","","−30,7
[нет в источнике]","пилонная
глубокого заложения
трёхсводчатая","55°45′29″ с. ш. 37°39′30″ в. д.HЯ",""
"","046","«Бауманская»","18 января 1944","","−32,5
[нет в источнике]","пилонная
глубокого заложения
трёхсводчатая","55°46′23″ с. ш. 37°40′50″ в. д.HЯ",""
"","045","«Электрозаводская»","15 мая 1944","","−31,5
[нет в источнике]","пилонная
глубокого заложения
трёхсводчатая","55°46′54″ с. ш. 37°42′13″ в. д.HЯ",""
"","044","«Семёновская»
Сталинская (с 18.01.1944 до 30.11.1961)","18 января 1944","","−40","колонно-пилонная
глубокого заложения
трёхсводчатая","55°47′00″ с. ш. 37°43′15″ в. д.HЯ",""
"","043","«Партизанская»
Измайловский парк культуры и
отдыха имени Сталина (с 18.01.1944 до осени 1947)
Измайловская (с осени 1947 до 20.08.1963)
Измайловский парк (с 20.08.1963 до 03.05.2005)","18 января 1944","","−9","колонная
мелкого заложения
трёхпролётная","55°47′19″ с. ш. 37°45′02″ в. д.HЯ",""
"","042","«Измайловская»
Измайловский парк (с 21.10.1961 до 20.08.1963)","21 октября 1961","","0","наземная, открытая","55°47′16″ с. ш. 37°46′53″ в. д.HЯ",""
"","041","«Первомайская»","21 октября 1961","","−7","колонная
мелкого заложения
трёхпролётная","55°47′41″ с. ш. 37°47′57″ в. д.HЯ",""
"","040","«Щёлковская»","22 июля 1963","","−8","колонная
мелкого заложения
трёхпролётная","55°48′34″ с. ш. 37°47′55″ в. д.HЯ",""
"","061","«Кунцевская»","31 августа 1965","","0","наземная, открытая","55°43′51″ с. ш. 37°26′45″ в. д.HЯ",""
"","062","«Пионерская»","13 октября 1961","","0","наземная, открытая","55°44′10″ с. ш. 37°28′02″ в. д.HЯ",""
"","063","«Филёвский парк»","13 октября 1961","","0","наземная, открытая","55°44′23″ с. ш. 37°29′00″ в. д.HЯ",""
"","064","«Багратионовская»","13 октября 1961","","0","наземная, открытая","55°44′38″ с. ш. 37°29′52″ в. д.HЯ",""
"","065","«Фили»","7 ноября 1959","","0","наземная, открытая","55°44′46″ с. ш. 37°30′54″ в. д.HЯ",""
"","066","«Кутузовская»","7 ноября 1958","","0","наземная, открытая","55°44′24″ с. ш. 37°32′04″ в. д.HЯ",""
"","067","«Студенческая»","7 ноября 1958","","0","наземная, открытая","55°44′20″ с. ш. 37°32′54″ в. д.HЯ",""
"","073","«Москва-Сити»
Международная (с 30.08.2006 до 03.04.2024)","30 августа 2006","","−25","колонно-стеновая
мелкого заложения
трёхсводчатая","55°44′54″ с. ш. 37°32′02″ в. д.HЯ",""
"","072","«Деловой центр»
Выставочная (с 01.06.2009 до 03.04.2024)","10 сентября 2005","","−25","колонная
мелкого заложения
трёхпролётная","55°45′00″ с. ш. 37°32′28″ в. д.HЯ",""
"","068","«Киевская»","20 марта 1937","","−8,7
[нет в источнике]","колонная
мелкого заложения
трёхпролётная","55°44′37″ с. ш. 37°33′56″ в. д.HЯ",""
"","069","«Смоленская»","15 мая 1935","","−8","колонная
мелкого заложения
трёхпролётная","55°44′56″ с. ш. 37°34′57″ в. д.HЯ",""
"","070","«Арбатская»","15 мая 1935","","−8","колонная
мелкого заложения
трёхпролётная","55°45′06″ с. ш. 37°36′03″ в. д.HЯ",""
"","071","«Александровский сад»
Улица Коминтерна (с 15.05.1935 до 24.12.1946)
Калининская (с 24.12.1946 до ноября 1990)
Воздвиженка (с ноября 1990 до 05.11.1990)","15 мая 1935","[7]","−7","колонная
мелкого заложения
четырёхпролётная","55°45′09″ с. ш. 37°36′32″ в. д.HЯ",""
"","074","«Парк культуры»
ЦПКиО имени Горького
(с 01.01.1950 до 1965)
Парк культуры имени Горького
(с 1965 до 1980)","1 января 1950","","−40","пилонная
глубокого заложения
трёхсводчатая","55°44′09″ с. ш. 37°35′29″ в. д.HЯ",""
"","075","«Октябрьская»
Калужская (с 01.01.1950 до 06.06.1961)","1 января 1950","","−40","пилонная
глубокого заложения
трёхсводчатая","55°43′47″ с. ш. 37°36′33″ в. д.HЯ",""
"","076","«Добрынинская»
Серпуховская (с 01.01.1950 до 06.06.1961)","1 января 1950","","−35,5
[нет в источнике]","пилонная
глубокого заложения
трёхсводчатая","55°43′45″ с. ш. 37°37′27″ в. д.HЯ",""
"","077","«Павелецкая»","1 января 1950","","−40","пилонная
глубокого заложения
трёхсводчатая","55°43′54″ с. ш. 37°38′16″ в. д.HЯ",""
"","078","«Таганская»","1 января 1950","","−53","пилонная
глубокого заложения
трёхсводчатая","55°44′30″ с. ш. 37°39′06″ в. д.HЯ",""
"","079","«Курская»","1 января 1950","","−40","колонная
глубокого заложения
трёхсводчатая","55°45′25″ с. ш. 37°39′34″ в. д.HЯ",""
"","080","«Комсомольская»","30 января 1952","","−37","колонная
глубокого заложения
трёхсводчатая","55°46′29″ с. ш. 37°39′18″ в. д.HЯ",""
"","081","«Проспект Мира»
Ботанический сад (с 30.01.1952 до 26.10.1966)","30 января 1952","","−40","пилонная
глубокого заложения
трёхсводчатая","55°46′47″ с. ш. 37°37′54″ в. д.HЯ",""
"","082","«Новослободская»","30 января 1952","","−40","пилонная
глубокого заложения
трёхсводчатая","55°46′48″ с. ш. 37°36′10″ в. д.HЯ",""
"","083","«Белорусская»","30 января 1952","","−42,5
[нет в источнике]","пилонная
глубокого заложения
трёхсводчатая","55°46′35″ с. ш. 37°35′04″ в. д.HЯ",""
"","084","«Краснопресненская»","14 марта 1954","","−35,5
[нет в источнике]","пилонная
глубокого заложения
трёхсводчатая","55°45′41″ с. ш. 37°34′39″ в. д.HЯ",""
"","085","«Киевская»","14 марта 1954","","−53 [8]","пилонная
глубокого заложения
трёхсводчатая","55°44′41″ с. ш. 37°33′56″ в. д.HЯ",""
"","086","«Медведково»","29 сентября 1978","","−10","колонная
мелкого заложения
трёхпролётная","55°53′14″ с. ш. 37°39′41″ в. д.HЯ",""
"","087","«Бабушкинская»","29 сентября 1978","","−10","односводчатая
мелкого заложения","55°52′10″ с. ш. 37°39′52″ в. д.HЯ",""
"","088","«Свиблово»","29 сентября 1978","","−8","колонная
мелкого заложения
трёхпролётная","55°51′19″ с. ш. 37°39′10″ в. д.HЯ",""
"","089","«Ботанический сад»","29 сентября 1978","","−7","колонная
мелкого заложения
трёхпролётная","55°50′42″ с. ш. 37°38′18″ в. д.HЯ",""
"","090","«ВДНХ»
ВСХВ (с 01.05.1958 до 12.12.1959)","1 мая 1958","","−53,5","пилонная
глубокого заложения
трёхсводчатая","55°49′16″ с. ш. 37°38′28″ в. д.HЯ",""
"","091","«Алексеевская»
Мир (с 01.05.1958 до 20.06.1966)
Щербаковская (с 20.06.1966 до 05.11.1990)","1 мая 1958","","−51","пилонная
глубокого заложения
трёхсводчатая","55°48′32″ с. ш. 37°38′20″ в. д.HЯ",""
"","092","«Рижская»","1 мая 1958","","−46","пилонная
глубокого заложения
трёхсводчатая","55°47′37″ с. ш. 37°38′10″ в. д.HЯ",""
"","093","«Проспект Мира»
Ботанический сад (с 01.05.1958 до 26.10.1966)","1 мая 1958","","−50","пилонная
глубокого заложения
трёхсводчатая","55°46′52″ с. ш. 37°37′54″ в. д.HЯ",""
"","094","«Сухаревская»
Колхозная (с 05.01.1972 до 05.11.1990)","5 января 1972","","−43","пилонная
глубокого заложения
трёхсводчатая","55°46′24″ с. ш. 37°37′55″ в. д.HЯ",""
"","095","«Тургеневская»","5 января 1972","","−49","пилонная
глубокого заложения
трёхсводчатая","55°45′58″ с. ш. 37°38′15″ в. д.HЯ",""
"","096","«Китай-город»
Площадь Ногина (с 03.01.1971 до 05.11.1990)","3 января 1971","","−29","колонная
глубокого заложения
трёхсводчатая","55°45′19″ с. ш. 37°38′00″ в. д.HЯ",""
"","097","«Третьяковская»
Новокузнецкая (с 03.01.1971 до 11.06.1983)","3 января 1971","","−46","пилонная
глубокого заложения
трёхсводчатая","55°44′28″ с. ш. 37°37′39″ в. д.HЯ",""
"","098","«Октябрьская»","13 октября 1962","","−50","пилонная
глубокого заложения
трёхсводчатая","55°43′50″ с. ш. 37°36′40″ в. д.HЯ",""
"","099","«Шаболовская»","5 ноября 1980","","−46,5","пилонная
глубокого заложения
трёхсводчатая","55°43′11″ с. ш. 37°36′30″ в. д.HЯ",""
"","100","«Ленинский проспект»","13 октября 1962","","−16","колонная
мелкого заложения
трёхпролётная","55°42′28″ с. ш. 37°35′10″ в. д.HЯ",""
"","101","«Академическая»","13 октября 1962","","−8,5","колонная
мелкого заложения
трёхпролётная","55°41′16″ с. ш. 37°34′24″ в. д.HЯ",""
"","102","«Профсоюзная»","13 октября 1962","","−7","колонная
мелкого заложения
трёхпролётная","55°40′41″ с. ш. 37°33′46″ в. д.HЯ",""
"","103","«Новые Черёмушки»","13 октября 1962","","−7","колонная
мелкого заложения
трёхпролётная","55°40′13″ с. ш. 37°33′16″ в. д.HЯ",""
"","104","«Калужская»","12 августа 1974","","−10","колонная
мелкого заложения
трёхпролётная","55°39′26″ с. ш. 37°32′26″ в. д.HЯ",""
"","105","«Беляево»","12 августа 1974","","−12","колонная
мелкого заложения
трёхпролётная","55°38′34″ с. ш. 37°31′33″ в. д.HЯ",""
"","106","«Коньково»","6 ноября 1987","","−8","односводчатая
мелкого заложения","55°38′00″ с. ш. 37°31′08″ в. д.HЯ",""
"","107","«Тёплый Стан»","6 ноября 1987","","−8","колонная
мелкого заложения
трёхпролётная","55°37′09″ с. ш. 37°30′30″ в. д.HЯ",""
"","108","«Ясенево»","17 января 1990","","−8","колонная
мелкого заложения
трёхпролётная","55°36′23″ с. ш. 37°32′00″ в. д.HЯ",""
"","109","«Новоясеневская»
Битцевский парк (с 17.01.1990 до 01.06.2009)","17 января 1990","","−7","колонная
мелкого заложения
трёхпролётная","55°36′04″ с. ш. 37°33′15″ в. д.HЯ",""
"","110","«Планерная»","30 декабря 1975","","−6","колонная
мелкого заложения
трёхпролётная","55°51′39″ с. ш. 37°26′11″ в. д.HЯ",""
"","111","«Сходненская»","30 декабря 1975","","−6","односводчатая
мелкого заложения","55°51′02″ с. ш. 37°26′23″ в. д.HЯ",""
"","112","«Тушинская»","30 декабря 1975","","−10,5","колонная
мелкого заложения
трёхпролётная","55°49′36″ с. ш. 37°26′12″ в. д.HЯ",""
"","203","«Спартак»","27 августа 2014","","−10","колонная
мелкого заложения
трёхпролётная","55°49′06″ с. ш. 37°26′09″ в. д.HЯ",""
"","113","«Щукинская»","30 декабря 1975","","−13","колонная
мелкого заложения
трёхпролётная","55°48′31″ с. ш. 37°27′51″ в. д.HЯ",""
"","114","«Октябрьское Поле»","30 декабря 1972","","−9","колонная
мелкого заложения
трёхпролётная","55°47′37″ с. ш. 37°29′37″ в. д.HЯ",""
"","115","«Полежаевская»","30 декабря 1972","","−10","колонная
мелкого заложения
трёхпролётная","55°46′39″ с. ш. 37°31′09″ в. д.HЯ",""
"","116","«Беговая»","30 декабря 1972","","−9","колонная
мелкого заложения
трёхпролётная","55°46′26″ с. ш. 37°32′48″ в. д.HЯ",""
"","117","«Улица 1905 года»","30 декабря 1972","","−11","колонная
мелкого заложения
трёхпролётная","55°45′54″ с. ш. 37°33′41″ в. д.HЯ",""
"","118","«Баррикадная»","30 декабря 1972","","−30","пилонная
глубокого заложения
трёхсводчатая","55°45′40″ с. ш. 37°34′46″ в. д.HЯ",""
"","119","«Пушкинская»","17 декабря 1975","","−51","колонная
глубокого заложения
трёхсводчатая","55°45′54″ с. ш. 37°36′28″ в. д.HЯ",""
"","120","«Кузнецкий Мост»","17 декабря 1975","","−39,5","колонная
глубокого заложения
трёхсводчатая","55°45′38″ с. ш. 37°37′33″ в. д.HЯ",""
"","121","«Китай-город»
Площадь Ногина (с 03.01.1971 до 05.11.1990)","3 января 1971","","−29","колонная
глубокого заложения
трёхсводчатая","55°45′19″ с. ш. 37°38′00″ в. д.HЯ",""
"","122","«Таганская»","31 декабря 1966","","−36","пилонная
глубокого заложения
трёхсводчатая","55°44′25″ с. ш. 37°39′08″ в. д.HЯ",""
"","123","«Пролетарская»","31 декабря 1966","","−9","колонная
мелкого заложения
трёхпролётная","55°43′55″ с. ш. 37°39′57″ в. д.HЯ",""
"","124","«Волгоградский проспект»","31 декабря 1966","","−8","колонная
мелкого заложения
трёхпролётная","55°43′31″ с. ш. 37°41′13″ в. д.HЯ",""
"","125","«Текстильщики»","31 декабря 1966","","−13","колонная
мелкого заложения
трёхпролётная","55°42′32″ с. ш. 37°43′54″ в. д.HЯ",""
"","126","«Кузьминки»","31 декабря 1966","","−8","колонная
мелкого заложения
трёхпролётная","55°42′20″ с. ш. 37°45′56″ в. д.HЯ",""
"","127","«Рязанский проспект»","31 декабря 1966","","−6","колонная
мелкого заложения
трёхпролётная","55°43′01″ с. ш. 37°47′36″ в. д.HЯ",""
"","128","«Выхино»
Ждановская (с 31.12.1966 до 13.01.1989)","31 декабря 1966","","0","наземная, открытая","55°42′56″ с. ш. 37°49′05″ в. д.HЯ",""
"","204","«Лермонтовский проспект»","9 ноября 2013","","−12","односводчатая
мелкого заложения","55°42′05″ с. ш. 37°51′09″ в. д.HЯ",""
"","205","«Жулебино»","9 ноября 2013","","−15","колонная
мелкого заложения
двухпролётная","55°41′08″ с. ш. 37°51′23″ в. д.HЯ",""
"","206","«Котельники»","21 сентября 2015","","−15","колонная
мелкого заложения
двухпролётная","55°40′27″ с. ш. 37°51′30″ в. д.HЯ",""
"","136","«Третьяковская»","25 января 1986","","−46","пилонная
глубокого заложения
трёхсводчатая","55°44′28″ с. ш. 37°37′39″ в. д.HЯ",""
"","135","«Марксистская»","30 декабря 1979","","−60","колонная
глубокого заложения
трёхсводчатая","55°44′28″ с. ш. 37°39′15″ в. д.HЯ",""
"","134","«Площадь Ильича»","30 декабря 1979","","−46","пилонная
глубокого заложения
трёхсводчатая","55°44′50″ с. ш. 37°40′57″ в. д.HЯ",""
"","133","«Авиамоторная»","30 декабря 1979","","−53","колонная
глубокого заложения
трёхсводчатая","55°45′09″ с. ш. 37°43′09″ в. д.HЯ",""
"","132","«Шоссе Энтузиастов»","30 декабря 1979","","−53","пилонная
глубокого заложения
трёхсводчатая","55°45′27″ с. ш. 37°45′00″ в. д.HЯ",""
"","131","«Перово»","30 декабря 1979","","−9","односводчатая
мелкого заложения","55°45′04″ с. ш. 37°47′12″ в. д.HЯ",""
"","130","«Новогиреево»","30 декабря 1979","","−9","колонная
мелкого заложения
трёхпролётная","55°45′06″ с. ш. 37°49′00″ в. д.HЯ",""
"","129","«Новокосино»","30 августа 2012","","−9","односводчатая
мелкого заложения","55°44′42″ с. ш. 37°51′50″ в. д.HЯ",""
"","217","«Деловой центр»","31 января 2014","","−25","колонная
мелкого заложения
трёхпролётная","55°44′57″ с. ш. 37°32′22″ в. д.HЯ",""
"","218","«Парк Победы»","31 января 2014","","−73,6[5]","пилонная
глубокого заложения
трёхсводчатая","55°44′10″ с. ш. 37°31′06″ в. д.HЯ",""
"","223","«Минская»","16 марта 2017","","−15","колонная
мелкого заложения
двухпролётная","55°43′29″ с. ш. 37°29′48″ в. д.HЯ",""
"","224","«Ломоносовский проспект»","16 марта 2017","","−15","колонная
мелкого заложения
двухпролётная","55°42′26″ с. ш. 37°30′58″ в. д.HЯ",""
"","225","«Раменки»","16 марта 2017","","−15","колонная
мелкого заложения
двухпролётная","55°41′51″ с. ш. 37°29′55″ в. д.HЯ",""
"","263","«Мичуринский проспект»","30 августа 2018","","−13","колонная
мелкого заложения
трёхпролётная","55°41′22″ с. ш. 37°28′59″ в. д.HЯ",""
"","301","«Озёрная»","30 августа 2018","","−25","колонная
мелкого заложения
двухпролётная","55°40′14″ с. ш. 37°26′54″ в. д.HЯ",""
"","302","«Говорово»","30 августа 2018","","−14","колонная
мелкого заложения
двухпролётная","55°39′34″ с. ш. 37°25′02″ в. д.HЯ",""
"","266","«Солнцево»","30 августа 2018","","−13","колонная
мелкого заложения
двухпролётная","55°38′58″ с. ш. 37°23′28″ в. д.HЯ",""
"","267","«Боровское шоссе»","30 августа 2018","","−20","колонная
мелкого заложения
двухпролётная","55°38′52″ с. ш. 37°22′13″ в. д.HЯ",""
"","268","«Новопеределкино»","30 августа 2018","","−16","колонная
мелкого заложения
двухпролётная","55°38′23″ с. ш. 37°21′19″ в. д.HЯ",""
"","269","«Рассказовка»","30 августа 2018","","−12","колонная
мелкого заложения
двухпролётная","55°38′03″ с. ш. 37°20′07″ в. д.HЯ",""
"","328","«Пыхтино»","6 сентября 2023","","0","наземная
крытая
полуподземная","55°37′30″ с. ш. 37°17′53″ в. д.HЯ",""
"","325","«Аэропорт Внуково»","6 сентября 2023","","0","колонная
мелкого заложения
двухпролётная","55°36′26″ с. ш. 37°17′16″ в. д.HЯ",""
"","137","«Алтуфьево»","15 июля 1994","","−9","односводчатая
мелкого заложения","55°53′53″ с. ш. 37°35′13″ в. д.HЯ",""
"","138","«Бибирево»","31 декабря 1992","","−9,5","колонная
мелкого заложения
трёхпролётная","55°53′02″ с. ш. 37°36′12″ в. д.HЯ",""
"","139","«Отрадное»","7 марта 1991","","−9","односводчатая
мелкого заложения","55°51′48″ с. ш. 37°36′17″ в. д.HЯ",""
"","140","«Владыкино»","7 марта 1991","","−10,5","колонная
мелкого заложения
трёхпролётная","55°50′50″ с. ш. 37°35′24″ в. д.HЯ",""
"","141","«Петровско-Разумовская»","7 марта 1991","","−61","колонная
глубокого заложения
трёхсводчатая

колонно-стеновая
глубокого заложения
трёхсводчатая","55°50′06″ с. ш. 37°34′28″ в. д.HЯ",""
"","142","«Тимирязевская»","7 марта 1991","","−63,5","односводчатая
глубокого заложения","55°49′03″ с. ш. 37°34′35″ в. д.HЯ",""
"","143","«Дмитровская»","7 марта 1991","","−59","пилонная
глубокого заложения
трёхсводчатая","55°48′25″ с. ш. 37°34′54″ в. д.HЯ",""
"","144","«Савёловская»","31 декабря 1988","","−52","пилонная
глубокого заложения
трёхсводчатая","55°47′34″ с. ш. 37°35′19″ в. д.HЯ",""
"","145","«Менделеевская»","31 декабря 1988","","−48,5","колонная
глубокого заложения
трёхсводчатая","55°46′52″ с. ш. 37°36′04″ в. д.HЯ",""
"","146","«Цветной бульвар»","31 декабря 1988","","−50","пилонная
глубокого заложения
трёхсводчатая","55°46′15″ с. ш. 37°37′07″ в. д.HЯ",""
"","147","«Чеховская»","31 декабря 1987","","−62","пилонная
глубокого заложения
трёхсводчатая","55°45′53″ с. ш. 37°36′33″ в. д.HЯ",""
"","148","«Боровицкая»","23 января 1986","[9]","−46,5","пилонная
глубокого заложения
трёхсводчатая","55°45′04″ с. ш. 37°36′26″ в. д.HЯ",""
"","149","«Полянка»","23 января 1986","","−36,5","колонная
глубокого заложения
трёхсводчатая","55°44′16″ с. ш. 37°37′05″ в. д.HЯ",""
"","150","«Серпуховская»","8 ноября 1983","","−43","пилонная
глубокого заложения
трёхсводчатая","55°43′41″ с. ш. 37°37′29″ в. д.HЯ",""
"","151","«Тульская»","8 ноября 1983","","−9,5","односводчатая
мелкого заложения","55°42′31″ с. ш. 37°37′22″ в. д.HЯ",""
"","152","«Нагатинская»","8 ноября 1983","","−13,5","колонная
мелкого заложения
трёхпролётная","55°40′59″ с. ш. 37°37′21″ в. д.HЯ",""
"","153","«Нагорная»","8 ноября 1983","","−9","колонная
мелкого заложения
трёхпролётная","55°40′21″ с. ш. 37°36′37″ в. д.HЯ",""
"","154","«Нахимовский проспект»","8 ноября 1983","","−9,5","односводчатая
мелкого заложения","55°39′46″ с. ш. 37°36′20″ в. д.HЯ",""
"","155","«Севастопольская»","8 ноября 1983","","−13","колонная
мелкого заложения
трёхпролётная","55°39′09″ с. ш. 37°35′54″ в. д.HЯ",""
"","156","«Чертановская»","8 ноября 1983","","−10,5","колонная
мелкого заложения
трёхпролётная","55°38′26″ с. ш. 37°36′24″ в. д.HЯ",""
"","157","«Южная»","8 ноября 1983","","−10","односводчатая
мелкого заложения","55°37′21″ с. ш. 37°36′32″ в. д.HЯ",""
"","158","«Пражская»","6 ноября 1985","","−9,5","колонная
мелкого заложения
трёхпролётная","55°36′45″ с. ш. 37°36′16″ в. д.HЯ",""
"","159","«Улица Академика Янгеля»","31 августа 2000","","−8","односводчатая
мелкого заложения","55°35′42″ с. ш. 37°36′01″ в. д.HЯ",""
"","160","«Аннино»","12 декабря 2001","","−8","односводчатая
мелкого заложения","55°34′58″ с. ш. 37°35′48″ в. д.HЯ",""
"","161","«Бульвар Дмитрия Донского»","26 декабря 2002","","−10","колонная
мелкого заложения
трёхпролётная","55°34′09″ с. ш. 37°34′37″ в. д.HЯ",""
"","327","«Физтех»","7 сентября 2023","","","односводчатая
мелкого заложения","55°55′18″ с. ш. 37°32′47″ в. д.HЯ",""
"","214","«Лианозово»","7 сентября 2023","","","колонная
мелкого заложения
трёхпролётная","55°53′56″ с. ш. 37°32′41″ в. д.HЯ",""
"","326","«Яхромская»","7 сентября 2023","","","колонная
мелкого заложения
трёхпролётная","55°52′48″ с. ш. 37°32′43″ в. д.HЯ",""
"","212","«Селигерская»","22 марта 2018","","−20","колонная
мелкого заложения
трёхпролётная","55°51′59″ с. ш. 37°32′50″ в. д.HЯ",""
"","211","«Верхние Лихоборы»","22 марта 2018","","−65","пилонная
глубокого заложения
трёхсводчатая","55°51′22″ с. ш. 37°33′40″ в. д.HЯ",""
"","210","«Окружная»","22 марта 2018","","−65","пилонная
глубокого заложения
трёхсводчатая","55°50′46″ с. ш. 37°34′26″ в. д.HЯ",""
"","209","«Петровско-Разумовская»","16 сентября 2016","","−61","колонная
глубокого заложения
трёхсводчатая

колонно-стеновая
глубокого заложения
трёхсводчатая","55°50′06″ с. ш. 37°34′28″ в. д.HЯ",""
"","208","«Фонвизинская»","16 сентября 2016","","−65","пилонная
глубокого заложения
трёхсводчатая","55°49′22″ с. ш. 37°35′17″ в. д.HЯ",""
"","207","«Бутырская»","16 сентября 2016","","−60","пилонная
глубокого заложения
трёхсводчатая","55°48′48″ с. ш. 37°36′10″ в. д.HЯ",""
"","162","«Марьина Роща»","19 июня 2010","","−60","пилонная
глубокого заложения
трёхсводчатая","55°47′43″ с. ш. 37°36′58″ в. д.HЯ",""
"","163","«Достоевская»","19 июня 2010","","−60","колонно-стеновая
глубокого заложения
трёхсводчатая","55°46′54″ с. ш. 37°36′54″ в. д.HЯ",""
"","164","«Трубная»","30 августа 2007","","−60","колонно-стеновая
глубокого заложения
трёхсводчатая","55°46′08″ с. ш. 37°37′12″ в. д.HЯ",""
"","165","«Сретенский бульвар»","29 декабря 2007","","−60","пилонная
глубокого заложения
трёхсводчатая","55°46′00″ с. ш. 37°38′21″ в. д.HЯ",""
"","166","«Чкаловская»","28 декабря 1995","","−51","пилонная
глубокого заложения
трёхсводчатая","55°45′23″ с. ш. 37°39′26″ в. д.HЯ",""
"","167","«Римская»","28 декабря 1995","","−54","колонная
глубокого заложения
трёхсводчатая","55°44′47″ с. ш. 37°40′55″ в. д.HЯ",""
"","168","«Крестьянская Застава»","28 декабря 1995","","−47","колонно-стеновая
глубокого заложения
трёхсводчатая","55°43′59″ с. ш. 37°40′02″ в. д.HЯ",""
"","169","«Дубровка»","11 декабря 1999","","−62","колонно-стеновая
глубокого заложения
трёхсводчатая","55°43′07″ с. ш. 37°40′34″ в. д.HЯ",""
"","170","«Кожуховская»","28 декабря 1995","","−12","односводчатая
мелкого заложения","55°42′27″ с. ш. 37°41′06″ в. д.HЯ",""
"","171","«Печатники»","28 декабря 1995","","−5","колонная
мелкого заложения
трёхпролётная","55°41′36″ с. ш. 37°43′37″ в. д.HЯ",""
"","162","«Волжская»","28 декабря 1995","","−8","однопролётная
мелкого заложения","55°41′27″ с. ш. 37°45′11″ в. д.HЯ",""
"","173","«Люблино»","25 декабря 1996","","−8","односводчатая
мелкого заложения","55°40′33″ с. ш. 37°45′42″ в. д.HЯ",""
"","174","«Братиславская»","25 декабря 1996","","−8","колонная
мелкого заложения
двухпролётная","55°39′35″ с. ш. 37°45′02″ в. д.HЯ",""
"","175","«Марьино»","25 декабря 1996","","−8","однопролётная
мелкого заложения","55°39′00″ с. ш. 37°44′35″ в. д.HЯ",""
"","176","«Борисово»","2 декабря 2011","","−10","односводчатая
мелкого заложения","55°38′00″ с. ш. 37°44′37″ в. д.HЯ",""
"","177","«Шипиловская»","2 декабря 2011","","−10","односводчатая
мелкого заложения","55°37′16″ с. ш. 37°44′37″ в. д.HЯ",""
"","178","«Зябликово»","2 декабря 2011","","−15","односводчатая
мелкого заложения","55°36′45″ с. ш. 37°44′43″ в. д.HЯ",""
"","307","«Савёловская»","30 декабря 2018","","−65","пилонная
глубокого заложения
трёхсводчатая","55°47′36″ с. ш. 37°35′13″ в. д.HЯ",""
"","298","«Петровский парк»","26 февраля 2018","","−25","колонная
мелкого заложения
трёхпролётная","55°47′31″ с. ш. 37°33′26″ в. д.HЯ",""
"","299","«ЦСКА»","26 февраля 2018","","−28","колонная
мелкого заложения
трёхпролётная","55°47′12″ с. ш. 37°32′00″ в. д.HЯ",""
"","238","«Хорошёвская»","26 февраля 2018","","−21","колонная
мелкого заложения
трёхпролётная","55°46′36″ с. ш. 37°31′09″ в. д.HЯ",""
"","316","«Народное Ополчение»","1 апреля 2021","","−28","колонная
мелкого заложения
трёхпролётная","55°46′33″ с. ш. 37°29′06″ в. д.HЯ",""
"","242","«Мнёвники»","1 апреля 2021","","−27","колонная
мелкого заложения
трёхпролётная","55°45′40″ с. ш. 37°28′17″ в. д.HЯ",""
"","243","«Терехово»","7 декабря 2021","","−22","колонная
мелкого заложения
трёхпролётная
с береговыми платформами","55°44′53″ с. ш. 37°27′35″ в. д.HЯ",""
"","244","«Кунцевская»","7 декабря 2021","","−31,2","колонная
мелкого заложения
трёхпролётная
с береговыми платформами","55°43′44″ с. ш. 37°26′46″ в. д.HЯ",""
"","318","«Давыдково»","7 декабря 2021","","−33","колонная
мелкого заложения
двухпролётная
с береговыми платформами","55°42′55″ с. ш. 37°27′06″ в. д.HЯ",""
"","324","«Аминьевская»","7 декабря 2021","","−14","колонная
мелкого заложения
трёхпролётная","55°41′50″ с. ш. 37°27′54″ в. д.HЯ",""
"","246","«Мичуринский проспект»","7 декабря 2021","","−19","колонная
мелкого заложения
трёхпролётная","55°41′18″ с. ш. 37°29′07″ в. д.HЯ",""
"","247","«Проспект Вернадского»","7 декабря 2021","","−16","колонная
мелкого заложения
трёхпролётная","55°40′42″ с. ш. 37°30′14″ в. д.HЯ",""
"","320","«Новаторская»","7 декабря 2021","","−11","колонная
мелкого заложения
двухпролётная","55°40′12″ с. ш. 37°31′20″ в. д.HЯ",""
"","249","«Воронцовская»","7 декабря 2021","","−21","колонная
мелкого заложения
трёхпролётная","55°39′32″ с. ш. 37°32′21″ в. д.HЯ",""
"","312","«Зюзино»","7 декабря 2021","","−17,5","колонная
мелкого заложения
двухпролётная","55°39′21″ с. ш. 37°34′25″ в. д.HЯ",""
"","251","«Каховская»","11 августа 1969","","−8","колонная
мелкого заложения
трёхпролётная","55°39′11″ с. ш. 37°35′54″ в. д.HЯ",""
"","321","«Варшавская»","11 августа 1969","","−9","колонная
мелкого заложения
трёхпролётная","55°39′12″ с. ш. 37°37′10″ в. д.HЯ",""
"","252","«Каширская»","11 августа 1969","","−7","колонная
мелкого заложения
трёхпролётная","55°39′18″ с. ш. 37°38′55″ в. д.HЯ",""
"","323","«Кленовый бульвар»","1 марта 2023","","−24,3","колонная
мелкого заложения
с береговыми платформами","55°40′29″ с. ш. 37°40′56″ в. д.HЯ",""
"","253","«Нагатинский Затон»","1 марта 2023","","−27","колонная
мелкого заложения
с береговыми платформами","55°41′03″ с. ш. 37°42′12″ в. д.HЯ",""
"","254","«Печатники»","1 марта 2023","","−30","колонная
двухпролётная
мелкого заложения
с береговыми платформами","55°41′40″ с. ш. 37°43′38″ в. д.HЯ",""
"","255","«Текстильщики»","1 марта 2023","","−22","колонная
мелкого заложения
с береговыми платформами","55°42′30″ с. ш. 37°43′42″ в. д.HЯ",""
"","256","«Нижегородская»","27 марта 2020","","−21,8","колонная
мелкого заложения
пятипролётная","55°43′57″ с. ш. 37°43′42″ в. д.HЯ",""
"","230","«Авиамоторная»","27 марта 2020","","−19,4","колонная
мелкого заложения
трёхпролётная","55°45′05″ с. ш. 37°43′00″ в. д.HЯ",""
"","315","«Лефортово»","27 марта 2020","","−26","колонная
мелкого заложения
двухпролётная","55°45′53″ с. ш. 37°42′24″ в. д.HЯ",""
"","259","«Электрозаводская»","31 декабря 2020","","−20","колонная
мелкого заложения
трёхпролётная","55°46′49″ с. ш. 37°42′11″ в. д.HЯ",""
"","260","«Сокольники»","1 марта 2023","","−34","колонная
мелкого заложения
трёхпролётная","55°47′28″ с. ш. 37°40′44″ в. д.HЯ",""
"","261","«Рижская»","1 марта 2023","","−63,5","пилонная
глубокого заложения
трёхсводчатая","55°47′37″ с. ш. 37°38′09″ в. д.HЯ",""
"","322","«Марьина Роща»","1 марта 2023","","−74","пилонная
глубокого заложения
трёхсводчатая","55°47′54″ с. ш. 37°37′02″ в. д.HЯ",""
"","215","«Битцевский парк»","27 февраля 2014","","−10","односводчатая
мелкого заложения","55°36′01″ с. ш. 37°33′22″ в. д.HЯ",""
"","216","«Лесопарковая»","27 февраля 2014","","−10","односводчатая
мелкого заложения","55°34′56″ с. ш. 37°34′37″ в. д.HЯ",""
"","182","«Улица Старокачаловская»","27 декабря 2003","","−10","однопролётная
мелкого заложения,
два зала","55°34′08″ с. ш. 37°34′36″ в. д.HЯ",""
"","183","«Улица Скобелевская»","27 декабря 2003","","+9,6","эстакадная
открытая","55°32′53″ с. ш. 37°33′17″ в. д.HЯ",""
"","184","«Бульвар Адмирала Ушакова»","27 декабря 2003","","+9,6","эстакадная
открытая","55°32′44″ с. ш. 37°32′35″ в. д.HЯ",""
"","185","«Улица Горчакова»","27 декабря 2003","","+9,6","эстакадная
открытая","55°32′30″ с. ш. 37°31′51″ в. д.HЯ",""
"","186","«Бунинская аллея»","27 декабря 2003","","+9,6","эстакадная
открытая","55°32′17″ с. ш. 37°30′57″ в. д.HЯ",""
"","231","«Нижегородская»","27 марта 2020","","−21,8","колонная
мелкого заложения
пятипролётная","55°43′57″ с. ш. 37°43′42″ в. д.HЯ",""
"","232","«Стахановская»","27 марта 2020","","−19","колонная
мелкого заложения
двухпролётная","55°43′38″ с. ш. 37°45′08″ в. д.HЯ",""
"","233","«Окская»","27 марта 2020","","−21","колонная
мелкого заложения
двухпролётная","55°43′07″ с. ш. 37°46′53″ в. д.HЯ",""
"","234","«Юго-Восточная»","27 марта 2020","","−20","колонная
мелкого заложения
двухпролётная","55°42′19″ с. ш. 37°49′05″ в. д.HЯ",""
"","226","«Косино»","3 июня 2019","","−27","колонная
мелкого заложения
трёхпролётная","55°42′12″ с. ш. 37°51′04″ в. д.HЯ",""
"","227","«Улица Дмитриевского»","3 июня 2019","","−18","колонная
мелкого заложения
двухпролётная","55°42′37″ с. ш. 37°52′48″ в. д.HЯ",""
"","228","«Лухмановская»","3 июня 2019","","−15","колонная
мелкого заложения
трёхпролётная","55°42′31″ с. ш. 37°54′03″ в. д.HЯ",""
"","229","«Некрасовка»","3 июня 2019","","−16","колонная
мелкого заложения
двухпролётная","55°42′10″ с. ш. 37°55′42″ в. д.HЯ",""
"","275","«ЗИЛ»","13 сентября 2025","","","колонная
мелкого заложения
трёхпролётная","55°41′49″ с. ш. 37°38′42″ в. д.HЯ",""
"","274","«Крымская»","13 сентября 2025","","","колонная
мелкого заложения
трёхпролётная","55°41′23″ с. ш. 37°36′32″ в. д.HЯ",""
"","273","«Академическая»","13 сентября 2025","","","колонная
мелкого заложения
трёхпролётная","55°41′13″ с. ш. 37°34′32″ в. д.HЯ",""
"","272","«Вавиловская»","13 сентября 2025","","","колонная
мелкого заложения
двухпролётная","55°41′06″ с. ш. 37°32′28″ в. д.HЯ",""
"","330","«Новаторская»","7 сентября 2024","","-17,6","колонная
мелкого заложения
трёхпролётная","55°40′19″ с. ш. 37°31′18″ в. д.HЯ",""
"","331","«Университет дружбы народов»","7 сентября 2024","","-23","колонная
мелкого заложения
трёхпролётная","55°38′53″ с. ш. 37°30′26″ в. д.HЯ",""
"","332","«Генерала Тюленева»","7 сентября 2024","","-20","колонная
мелкого заложения
трёхпролётная","55°37′34″ с. ш. 37°29′10″ в. д.HЯ",""
"","333","«Тютчевская»","7 сентября 2024","","-12,65","колонная
мелкого заложения
трёхпролётная","55°37′08″ с. ш. 37°28′52″ в. д.HЯ",""
"","335","«Корниловская»","28 декабря 2024","","-16,18","колонная
мелкого заложения
трёхпролётная","55°35′56″ с. ш. 37°28′45″ в. д.HЯ",""
"","334","«Коммунарка»","28 декабря 2024","","-15","колонная
мелкого заложения
двухпролётная","55°34′29″ с. ш. 37°28′05″ в. д.HЯ",""
"","336","«Новомосковская»","28 декабря 2024","","-8","односводчатая
мелкого заложения","55°33′38″ с. ш. 37°27′55″ в. д.HЯ",""